{"cameraMode":{"drawMode":0,"name":"Shaded","section":"Shading Mode"},"sceneLighting":false,"audioPlay":false,"sceneViewState":{"showFog":true,"showMaterialUpdate":false,"showSkybox":false,"showFlares":true,"showImageEffects":true,"showParticleSystems":true},"in2DMode":false,"pivot":{"x":0.11038729548454285,"y":0.8120675086975098,"z":0.9650130271911621},"rotation":{"x":-0.2740025818347931,"y":0.04095146432518959,"z":-0.011679556220769883,"w":-0.960787832736969},"size":2.9748690128326418,"orthographic":false}