{"cameraMode":{"drawMode":0,"name":"Shaded","section":"Shading Mode"},"sceneLighting":false,"audioPlay":false,"sceneViewState":{"showFog":true,"showMaterialUpdate":false,"showSkybox":false,"showFlares":true,"showImageEffects":true,"showParticleSystems":true},"in2DMode":false,"pivot":{"x":2.81303071975708,"y":0.7303082942962647,"z":-1.1488828659057618},"rotation":{"x":-0.07373932003974915,"y":0.009571467526257038,"z":-0.0007064152741804719,"w":-0.997237503528595},"size":6.9956135749816898,"orthographic":false}